university,label,label_name,definition,related_text,context_file,gold,annotator_note
Ontario Tech University,accessible_buildings,Physically accessible buildings,"The institution states that campus buildings or facilities are physically accessible -- either as a general claim ('accessible buildings/entrances/classrooms') or by naming features (ramps, elevators, automatic doors, accessible washrooms). Does NOT include wayfinding or navigation help that makes no claim about physical accessibility.","Mobility impairments (wheelchair/scooter use, difficulty walking/climbing stairs, temporary injuries) | Email all of your documents to studentaccessibility@ontariotechu.ca with the subject line Admissions Consideration. In the body of your email include your full name, student number and OUAC ID. | Email all of your documents to studentaccessibility@ontariotechu.ca with the subject line Admissions Consideration.",context/Ontario_Tech_University.txt,0,"only 'navigation tools' mentioned, no physical-accessibility claim or named features"
University of Ottawa,accessible_buildings,Physically accessible buildings,"The institution states that campus buildings or facilities are physically accessible -- either as a general claim ('accessible buildings/entrances/classrooms') or by naming features (ramps, elevators, automatic doors, accessible washrooms). Does NOT include wayfinding or navigation help that makes no claim about physical accessibility.","Supports Cognitive (ADHD, autism), Mental health (Anxiety, depression), Sensory (Visual impairments), Physical (Wheelchair), Medical (Epilepsy) disabilities. | Wheelchair/scooter use, difficulty walking or climbing stairs, long-distance mobility issues, temporary injuries | All programs offer accommodations (exam time, note-taking, adaptive tech, tailored plans or functional assessments, alternate software/lab access",context/University_of_Ottawa.txt,0,no building-accessibility claim or named features found
University of Toronto Scarborough,accessible_buildings,Physically accessible buildings,"The institution states that campus buildings or facilities are physically accessible -- either as a general claim ('accessible buildings/entrances/classrooms') or by naming features (ramps, elevators, automatic doors, accessible washrooms). Does NOT include wayfinding or navigation help that makes no claim about physical accessibility.","Accessible campus: ramps, elevators, automatic doors, accessible parking | Campus accessibility bursaries listed by SBA (e.g., Allan Angus Rodgers Wheelchair Athletes' Fund, Anita Garbarino Girard Award) | Accessible classrooms/buildings",context/University_of_Toronto_Scarborough.txt,1,"explicit 'ramps, elevators, automatic doors'"
University of Waterloo,accessible_buildings,Physically accessible buildings,"The institution states that campus buildings or facilities are physically accessible -- either as a general claim ('accessible buildings/entrances/classrooms') or by naming features (ramps, elevators, automatic doors, accessible washrooms). Does NOT include wayfinding or navigation help that makes no claim about physical accessibility.","Accessible entrances, buildings, and classrooms | Examples: Wheelchair or scooter users; difficulty walking long distances or navigating stairs; conditions like limb loss or muscular dystrophy | Complete the AccessAbility Services' online application to begin the registration process (this will take approximately 5-10 minutes to complete). If you have a University of Waterloo Verification Form or alternate documentation in your possession, upload it with your application. It's okay if you don't have documentation. Apply if you believe you need accommodations",context/University_of_Waterloo.txt,1,"explicit 'Accessible entrances, buildings, and classrooms'"
Université de l'Ontario français,accessible_buildings,Physically accessible buildings,"The institution states that campus buildings or facilities are physically accessible -- either as a general claim ('accessible buildings/entrances/classrooms') or by naming features (ramps, elevators, automatic doors, accessible washrooms). Does NOT include wayfinding or navigation help that makes no claim about physical accessibility.","Physical accommodations such as accessible entries, elevators, restrooms, and service-animal access | Ongoing development of accessibility plans, staff training, and progress reporting | Campus committed to ongoing improvement in accessibility",context/Université_de_l_Ontario_français.txt,1,"explicit 'accessible entries, elevators, restrooms'"
York University (Glendon),accessible_buildings,Physically accessible buildings,"The institution states that campus buildings or facilities are physically accessible -- either as a general claim ('accessible buildings/entrances/classrooms') or by naming features (ramps, elevators, automatic doors, accessible washrooms). Does NOT include wayfinding or navigation help that makes no claim about physical accessibility.","Support: accessible buildings and classrooms, seating accommodations, mobility on campus, photocopy assistance for those with limited mobility . | Examples: wheelchair/scooter users, difficulty navigating stairs or long distances, muscular dystrophy, limb loss. | Alternate formats: Braille, large print, audio, accessible PDFs",context/York_University_Glendon.txt,1,"explicit 'accessible buildings and classrooms' -- general claim, counts under v2"
Lakehead University,accessible_housing,Accessible housing / residence,"The institution provides, reserves, or assists students in obtaining accessible or adapted residence. Any of provision, priority allocation, or help arranging it counts. Does NOT include mentions of housing that make no reference to accessibility.","Accessible campus: ramps, elevators, washrooms, housing | Extra time, breaks, and quiet exam rooms | Participate in SAS Procedures - Students requesting or registered with academic accommodations through Student Accessibility Services (SAS) have a duty to participate in the accommodation process by following SAS timeline requests: including but not limited to regularly checking your @lakeheadu.ca student email, completing the accommodation request form at the beginning of each term, booking tests, or requesting alternate dates/start times for tests according to the SAS timelines.",context/Lakehead_University.txt,1,housing named alongside accessibility features
University of Guelph,accessible_housing,Accessible housing / residence,"The institution provides, reserves, or assists students in obtaining accessible or adapted residence. Any of provision, priority allocation, or help arranging it counts. Does NOT include mentions of housing that make no reference to accessibility.","Adaptive technology lab (screen readers, others), quiet study rooms with accessibility features | Help with accessible housing and campus navigation | Extended exam times, quiet/private rooms, assistive tech (screen readers, speech-to-text), note-taking support, audio recording, flexible deadlines, moderated attendance expectations",context/University_of_Guelph.txt,1,explicit 'Help with accessible housing' -- counts under v2's help-arranging clause
University of Guelph-Humber,accessible_housing,Accessible housing / residence,"The institution provides, reserves, or assists students in obtaining accessible or adapted residence. Any of provision, priority allocation, or help arranging it counts. Does NOT include mentions of housing that make no reference to accessibility.","Adaptive technology lab (screen readers, others), quiet study rooms with accessibility features | Help with accessible housing and campus navigation | Extended exam times, quiet/private rooms, assistive tech (screen readers, speech-to-text), note-taking support, audio recording, flexible deadlines, moderated attendance expectations",context/University_of_Guelph-Humber.txt,1,same shared text as Guelph -- 'Help with accessible housing'
University of Toronto Mississauga,accessible_housing,Accessible housing / residence,"The institution provides, reserves, or assists students in obtaining accessible or adapted residence. Any of provision, priority allocation, or help arranging it counts. Does NOT include mentions of housing that make no reference to accessibility.","Exam accommodations: quiet rooms, alternate formats | Accessible classrooms/buildings | Adjustable classroom furniture",context/University_of_Toronto_Mississauga.txt,0,no housing mention anywhere
University of Waterloo,accessible_housing,Accessible housing / residence,"The institution provides, reserves, or assists students in obtaining accessible or adapted residence. Any of provision, priority allocation, or help arranging it counts. Does NOT include mentions of housing that make no reference to accessibility.","Submit documentation via: in-person (Needles Hall North, Room 1401), Sendit, email (access@uwaterloo.ca), fax (519-746-2401) | Accessible entrances, buildings, and classrooms | Modified seating or classroom access",context/University_of_Waterloo.txt,1,explicit 'Reserved seating and accessible housing'
York University (Keele),accessible_housing,Accessible housing / residence,"The institution provides, reserves, or assists students in obtaining accessible or adapted residence. Any of provision, priority allocation, or help arranging it counts. Does NOT include mentions of housing that make no reference to accessibility.","Support: accessible buildings and classrooms, seating accommodations, mobility on campus, photocopy assistance for those with limited mobility . | Support: temporary exam adjustments, classroom seating changes, provision of mobility aids and note-taking resources. | Support: temporary exam adjustments, classroom seating changes, provision of mobility aids and note-taking resources.",context/York_University_Keele.txt,0,no housing mention anywhere
Trent University (Durham GTA),format_accessible_digital,Accessible digital formats,"Screen-reader-compatible PDFs, e-text and other digital alternates.","Alternate formats: audio, large print, Braille, PDFs | Alternate formats: audio, large print, PDFs | We appreciate your patience while we review your information and match you with the appropriate Advisor.",context/Trent_University_Durham_GTA.txt,1,explicit 'PDFs' in alternate formats list
Wilfrid Laurier University,format_accessible_digital,Accessible digital formats,"Screen-reader-compatible PDFs, e-text and other digital alternates.","Alternate formats: audio, large print, Braille, accessible PDFs | Alternate formats: audio, large print, accessible PDFs | Learning Disability: Learning Disability Documentation Requirements PDF, Psycho-educational assessment (completed using Adult Measures)",context/Wilfrid_Laurier_University.txt,1,explicit 'accessible PDFs'
York University (Markham),format_accessible_digital,Accessible digital formats,"Screen-reader-compatible PDFs, e-text and other digital alternates.","Alternate format materials (audio, large print, PDF) | Support: adaptive technology like screen readers and magnifiers (e.g., JAWS, Kurzweil 3000), alternative-format documents (large-print, digital), orientation aids . | Support: accessible buildings and classrooms, seating accommodations, mobility on campus, photocopy assistance for those with limited mobility .",context/York_University_Markham.txt,1,explicit 'PDF' in alternate format materials
OCAD University,peer_support,Peer support or mentorship programme,Student-to-student mentoring or peer support programme.,"Support for learning, mental health, and temporary conditions | Support for physical, sensory, and temporary conditions | Note-taking support and ASL interpretation available",context/OCAD_University.txt,0,no mentorship program named
University of Guelph,peer_support,Peer support or mentorship programme,Student-to-student mentoring or peer support programme.,"Orientation programs (START Accessible), peer mentoring, coaching for academic and life skills | One-on-one advisor support and peer coaching | Orientation & Peer Assistance",context/University_of_Guelph.txt,1,explicit 'peer mentoring' under Orientation & Peer Assistance
University of Toronto Scarborough,peer_support,Peer support or mentorship programme,Student-to-student mentoring or peer support programme.,Peer note-taking | Student Services Hub: Intake location for all disability-related documentation and support coordination | Transition support: help with accessibility during university transition,context/University_of_Toronto_Scarborough.txt,0,"'Peer note-taking' is notes support, not mentorship"
University of Toronto St.George,peer_support,Peer support or mentorship programme,Student-to-student mentoring or peer support programme.,"Mental health: free counselling sessions, peer support groups | Chronic conditions affecting mobility: such as multiple sclerosis, cerebral palsy, Parkinson's disease Low vision / partial sight / blindness Hearing loss or Deafness, including needing ASL or captioning support Chronic health issues that may necessitate flexible deadlines or missing classes (e.g., cancer, severe asthma) Short-term impairments like convalescing from surgery, concussion, or orthopedic injuries (e.g., broken arm)Mobility impairments: e.g., wheelchair or scooter users, difficulty climbing stairs Dexterity/functional limitations: challenges with writing or using a keyboard due to arthritis, repetitive strain injuries, broken limbs, etc. | Chronic conditions affecting mobility: such as multiple sclerosis, cerebral palsy, Parkinson's disease Low vision / partial sight / blindness Hearing loss or Deafness, including needing ASL or captioning support Chronic health issues that may necessitate flexible deadlines or missing classes (e.g., cancer, severe asthma) Short-term impairments like convalescing from surgery, concussion, or orthopedic injuries (e.g., broken arm)",context/University_of_Toronto_St.George.txt,1,explicit 'peer support groups' under mental health accommodations
University of Waterloo,peer_support,Peer support or mentorship programme,Student-to-student mentoring or peer support programme.,Note-taking and peer support services | Support for accessible documents and orientation | Accessible housing and campus navigation support,context/University_of_Waterloo.txt,0,"'peer support services' reads as peer-assisted note-taking, not a mentorship program -- borderline, recommend a second look"
York University (Keele),peer_support,Peer support or mentorship programme,Student-to-student mentoring or peer support programme.,"Support: adaptive technology like screen readers and magnifiers (e.g., JAWS, Kurzweil 3000), alternative-format documents (large-print, digital), orientation aids . | Support: accessible buildings and classrooms, seating accommodations, mobility on campus, photocopy assistance for those with limited mobility . | Support: flexible deadlines, attendance and exam modifications, rest breaks, accommodation plans tailored to health-related barriers .",context/York_University_Keele.txt,0,no mentorship program named
York University (Keele),realtime_captioning,Real-time captioning,Live captioning or CART transcription of spoken content.,"Support: captioning services, FM systems, assistive audio devices, note-taking support. | have Ontario residency, that is, have lived in Ontario for at least 12 consecutive months without attending full-time postsecondary school. | register in full-time studies for the session",context/York_University_Keele.txt,0,no captioning/CART mention anywhere
